{
  "backend": "triton_paged",
  "device": "cuda",
  "device_name": "NVIDIA A100-SXM4-40GB",
  "dtype": "float16",
  "batch": 16,
  "heads": 32,
  "seq_len": 2048,
  "head_dim": 64,
  "block_size": 16,
  "seed": 0,
  "length_pattern": "uniform",
  "effective_lengths": [
    2048,
    2048,
    2048,
    2048,
    2048,
    2048,
    2048,
    2048,
    2048,
    2048,
    2048,
    2048,
    2048,
    2048,
    2048,
    2048
  ],
  "effective_min_seq_len": 2048,
  "effective_max_seq_len": 2048,
  "paged_layout": "contiguous",
  "paged_layout_seed": 0,
  "iters": 50,
  "warmup": 10,
  "repeats": 20,
  "timing_method": "cuda_event",
  "latency_ms": 0.24855552673339842,
  "latency_mean_ms": 0.23612518405914304,
  "latency_std_ms": 0.020871187768118055,
  "latency_min_ms": 0.2001100730895996,
  "latency_max_ms": 0.24973312377929688,
  "latency_p50_ms": 0.24855552673339842,
  "latency_p90_ms": 0.24887910652160644,
  "latency_p99_ms": 0.24961638870239258,
  "tokens_per_second": 64371.934152008056,
  "estimated_dense_kv_bytes": 268435456.0,
  "estimated_quant_kv_bytes": 135020672.0,
  "compression_ratio": 1.9881063545588042,
  "materializes_dense_kv": false,
  "num_splits": null,
  "block_n": 64.0,
  "num_warps": 4.0,
  "env_flashspec_num_splits": null,
  "env_flashspec_block_n": null,
  "env_flashspec_num_warps": null,
  "bandwidth_fields_are_estimates": false,
  "estimated_effective_dense_kv_bandwidth_gbps": 1079.981843606016,
  "estimated_effective_quant_kv_bandwidth_gbps": 543.2213629464924,
  "effective_dense_kv_bandwidth_gbps": 1079.981843606016,
  "effective_quant_kv_bandwidth_gbps": 543.2213629464924,
  "measured_kernel_latency_ms": 0.24855552673339842,
  "measured_latency_p50_ms": 0.24855552673339842,
  "measured_latency_p90_ms": 0.24887910652160644,
  "measured_latency_p99_ms": 0.24961638870239258,
  "measured_dram_bytes": 687243904.0,
  "measured_achieved_bandwidth_gbps": 555.7923449186097,
  "measured_occupancy_pct": 26.72200124220388,
  "measured_sm_utilization_pct": 41.8056856706607,
  "measured_dram_throughput_pct": 35.74773634222717,
  "measured_registers_per_thread": 72.0,
  "measured_theoretical_occupancy_pct": 43.75,
  "measured_ncu_kernel_duration_ms": 1.236512,
  "measured_ncu_kernel_count": 5,
  "measured_ncu_kernel_names": [
    "_paged_quant_attention_kernel",
    "_paged_quant_attention_kernel",
    "_paged_quant_attention_kernel",
    "_paged_quant_attention_kernel",
    "_paged_quant_attention_kernel"
  ],
  "profiler_metrics_source": "nsight_compute_csv",
  "nsight_compute_command": "ncu --metrics dram__bytes_read.sum,dram__bytes_write.sum,gpu__time_duration.sum,sm__warps_active.avg.pct_of_peak_sustained_active,sm__throughput.avg.pct_of_peak_sustained_elapsed,dram__throughput.avg.pct_of_peak_sustained_elapsed,launch__registers_per_thread,sm__maximum_warps_per_active_cycle_pct --kernel-name regex:\"paged_quant_attention_kernel|combine_splits\" --launch-count 5 --target-processes all --export results/ncu_triton_paged_b16_h32_s2048_d64 --force-overwrite --csv python benchmarks/microbench.py --backend triton_paged --batch 16 --heads 32 --seq-len 2048 --head-dim 64 --block-size 16 --iters 50 --warmup 10 --repeats 1 --device cuda --dtype float16 --paged-layout contiguous --layout-seed 0 --length-pattern uniform --seed 0 --json",
  "nsight_compute_source_command": "ncu --section SourceCounters --section InstructionStats --section MemoryWorkloadAnalysis --section SchedulerStats --kernel-name regex:\"paged_quant_attention_kernel|combine_splits\" --launch-count 1 --target-processes all --export results/ncu_source_triton_paged_b16_h32_s2048_d64 --force-overwrite python benchmarks/microbench.py --backend triton_paged --batch 16 --heads 32 --seq-len 2048 --head-dim 64 --block-size 16 --iters 50 --warmup 10 --repeats 1 --device cuda --dtype float16 --paged-layout contiguous --layout-seed 0 --length-pattern uniform --seed 0 --json",
  "nsight_compute_commands": {
    "metrics_csv": "ncu --metrics dram__bytes_read.sum,dram__bytes_write.sum,gpu__time_duration.sum,sm__warps_active.avg.pct_of_peak_sustained_active,sm__throughput.avg.pct_of_peak_sustained_elapsed,dram__throughput.avg.pct_of_peak_sustained_elapsed,launch__registers_per_thread,sm__maximum_warps_per_active_cycle_pct --kernel-name regex:\"paged_quant_attention_kernel|combine_splits\" --launch-count 5 --target-processes all --export results/ncu_triton_paged_b16_h32_s2048_d64 --force-overwrite --csv python benchmarks/microbench.py --backend triton_paged --batch 16 --heads 32 --seq-len 2048 --head-dim 64 --block-size 16 --iters 50 --warmup 10 --repeats 1 --device cuda --dtype float16 --paged-layout contiguous --layout-seed 0 --length-pattern uniform --seed 0 --json",
    "source_instruction_report": "ncu --section SourceCounters --section InstructionStats --section MemoryWorkloadAnalysis --section SchedulerStats --kernel-name regex:\"paged_quant_attention_kernel|combine_splits\" --launch-count 1 --target-processes all --export results/ncu_source_triton_paged_b16_h32_s2048_d64 --force-overwrite python benchmarks/microbench.py --backend triton_paged --batch 16 --heads 32 --seq-len 2048 --head-dim 64 --block-size 16 --iters 50 --warmup 10 --repeats 1 --device cuda --dtype float16 --paged-layout contiguous --layout-seed 0 --length-pattern uniform --seed 0 --json"
  },
  "latency_breakdown": [
    {
      "stage": "kv_load",
      "estimated_bytes": 135020672.0,
      "estimated_flops_or_ops": 0.0,
      "measurement": "ncu dram/source-line metrics",
      "notes": "\u8bfb\u53d6 K/V\uff1bTriton quant backend \u5e94\u4e3b\u8981\u8bfb\u53d6 INT8 values \u548c scale/zero_point\u3002"
    },
    {
      "stage": "dequant",
      "estimated_bytes": 0.0,
      "estimated_flops_or_ops": 268435456.0,
      "measurement": "ncu source-line/instruction metrics",
      "notes": "INT8 -> float \u7684 zero_point/scale \u53cd\u91cf\u5316\uff1bportable quant backend \u4f1a\u989d\u5916\u5199\u51fa dense KV\uff0cTriton backend \u4e0d\u7269\u5316 dense KV\u3002"
    },
    {
      "stage": "qk",
      "estimated_bytes": 0.0,
      "estimated_flops_or_ops": 134217728.0,
      "measurement": "ncu source-line/instruction metrics",
      "notes": "QK \u70b9\u79ef\uff0c\u8f93\u51fa\u6bcf\u4e2a\u5386\u53f2 token \u7684 score\u3002"
    },
    {
      "stage": "softmax",
      "estimated_bytes": 0.0,
      "estimated_flops_or_ops": 3145728.0,
      "measurement": "ncu source-line/instruction metrics",
      "notes": "online softmax \u7684 max\u3001exp\u3001sum \u66f4\u65b0\u3002"
    },
    {
      "stage": "pv_accumulation",
      "estimated_bytes": 0.0,
      "estimated_flops_or_ops": 134217728.0,
      "measurement": "ncu source-line/instruction metrics",
      "notes": "softmax \u6743\u91cd\u4e58 V \u5e76\u7d2f\u79ef\u8f93\u51fa\u3002"
    },
    {
      "stage": "output_write",
      "estimated_bytes": 131072.0,
      "estimated_flops_or_ops": 0.0,
      "measurement": "ncu dram/source-line metrics",
      "notes": "\u5199\u51fa [batch, heads, head_dim] attention \u7ed3\u679c\u3002"
    },
    {
      "stage": "total_kernel_or_backend",
      "estimated_bytes": 135151744.0,
      "estimated_flops_or_ops": 540016640.0,
      "measurement": "cuda_event",
      "measured_latency_ms": 0.24855552673339842,
      "notes": "\u603b\u8017\u65f6\u6765\u81ea benchmark \u6d4b\u91cf\uff1b\u9636\u6bb5 latency \u9700\u8981 Nsight Compute \u8fdb\u4e00\u6b65\u5f52\u56e0\u3002"
    }
  ],
  "output_checksum": -8.798868179321289,