{
  "device": "cuda",
  "device_name": "NVIDIA A100-SXM4-40GB",
  "dtype": "float16",
  "requests": 16,
  "prompt_len": 128,
  "prompt_lens": [
    513,
    1000,
    2047
  ],
  "prompt_length_distribution": "random",
  "average_prompt_len": 1227.25,
  "decode_steps": 17,
  "request_life_steps": 7,
  "arrivals": 48,
  "finishes": 32,
  "prefill_ms": 935.749414999691,
  "arrival_prefill_ms": 1914.4758780012125,
  "total_prefill_ms": 2850.2252930009035,
  "first_attention_ms": 183.89329000001453,
  "decode_ms": 330.75230000031297,
  "ttft_ms": 1119.6427049997055,
  "tpot_ms": 19.456017647077232,
  "tokens_per_second": 822.3676751446403,
  "generated_tokens": 272,
  "allocated_blocks": 1056.0,
  "free_blocks": 1008.0,
  "live_requests": 16.0,
  "used_tokens": 16754.0,
  "capacity_tokens": 33024.0,
  "block_utilization": 0.9915956439393939,
  "capacity_utilization": 0.507328003875969,
  "padding_waste": 142.0,
  "fragmentation": 0.00840435606060606
}