{
  "device": "cuda",
  "device_name": "NVIDIA A100-SXM4-40GB",
  "dtype": "float16",
  "requests": 4,
  "prompt_len": 128,
  "prompt_lens": [
    64,
    128
  ],
  "prompt_length_distribution": "bimodal",
  "average_prompt_len": 96.0,
  "decode_steps": 4,
  "request_life_steps": 2,
  "arrivals": 12,
  "finishes": 8,
  "prefill_ms": 18.4382399999663,
  "arrival_prefill_ms": 36.18597899998122,
  "total_prefill_ms": 54.624218999947516,
  "first_attention_ms": 177.24150399999417,
  "decode_ms": 38.403465999977016,
  "ttft_ms": 195.67974399996046,
  "tpot_ms": 9.600866499994254,
  "tokens_per_second": 416.62906155422473,
  "generated_tokens": 16,
  "allocated_blocks": 24.0,
  "free_blocks": 12.0,
  "live_requests": 4.0,
  "used_tokens": 384.0,
  "capacity_tokens": 576.0,
  "block_utilization": 1.0,
  "capacity_utilization": 0.6666666666666666,
  "padding_waste": 0.0,
  "fragmentation": 0.0
}