{
  "device": "cuda",
  "device_name": "NVIDIA A100-SXM4-40GB",
  "dtype": "float16",
  "requests": 16,
  "prompt_len": 128,
  "prompt_lens": [
    512,
    1024,
    2048
  ],
  "prompt_length_distribution": "bimodal",
  "average_prompt_len": 1280.0,
  "decode_steps": 32,
  "request_life_steps": 16,
  "arrivals": 48,
  "finishes": 32,
  "prefill_ms": 953.0086520000509,
  "arrival_prefill_ms": 1896.6172439996853,
  "total_prefill_ms": 2849.6258959997363,
  "first_attention_ms": 184.15662799998245,
  "decode_ms": 595.639346999917,
  "ttft_ms": 1137.1652800000334,
  "tpot_ms": 18.613729593747408,
  "tokens_per_second": 859.5805542041724,
  "generated_tokens": 512,
  "allocated_blocks": 1280.0,
  "free_blocks": 800.0,
  "live_requests": 16.0,
  "used_tokens": 20480.0,
  "capacity_tokens": 33280.0,
  "block_utilization": 1.0,
  "capacity_utilization": 0.6153846153846154,
  "padding_waste": 0.0,
  "fragmentation": 0.0
}